{"cameraMode":{"drawMode":0,"name":"Shaded","section":"Shading Mode"},"sceneLighting":false,"audioPlay":false,"sceneViewState":{"m_AlwaysRefresh":false,"showFog":true,"showSkybox":false,"showFlares":true,"showImageEffects":true,"showParticleSystems":true,"showVisualEffectGraphs":true,"m_FxEnabled":true},"in2DMode":false,"pivot":{"x":3.107057571411133,"y":15.709514617919922,"z":18.428916931152345},"rotation":{"x":0.14308643341064454,"y":0.17279519140720368,"z":-0.025260211899876596,"w":0.9742431044578552},"size":2.844533681869507,"orthographic":false}